round,season,year,CircuitIndex,circuitName,url
3,2021,2021,54,Autódromo Internacional do Algarve,http://en.wikipedia.org/wiki/Algarve_International_Circuit
12,2020,2020,54,Autódromo Internacional do Algarve,http://en.wikipedia.org/wiki/Algarve_International_Circuit
17,2015,2015,59,Autódromo Hermanos Rodríguez,http://en.wikipedia.org/wiki/Aut%C3%B3dromo_Hermanos_Rodr%C3%ADguez
18,2017,2017,59,Autódromo Hermanos Rodríguez,http://en.wikipedia.org/wiki/Aut%C3%B3dromo_Hermanos_Rodr%C3%ADguez
18,2019,2019,59,Autódromo Hermanos Rodríguez,http://en.wikipedia.org/wiki/Aut%C3%B3dromo_Hermanos_Rodr%C3%ADguez
18,2021,2021,59,Autódromo Hermanos Rodríguez,http://en.wikipedia.org/wiki/Aut%C3%B3dromo_Hermanos_Rodr%C3%ADguez
19,2016,2016,59,Autódromo Hermanos Rodríguez,http://en.wikipedia.org/wiki/Aut%C3%B3dromo_Hermanos_Rodr%C3%ADguez
19,2018,2018,59,Autódromo Hermanos Rodríguez,http://en.wikipedia.org/wiki/Aut%C3%B3dromo_Hermanos_Rodr%C3%ADguez
20,2022,2022,59,Autódromo Hermanos Rodríguez,http://en.wikipedia.org/wiki/Aut%C3%B3dromo_Hermanos_Rodr%C3%ADguez
18,2014,2014,28,Autódromo José Carlos Pace,http://en.wikipedia.org/wiki/Aut%C3%B3dromo_Jos%C3%A9_Carlos_Pace
18,2015,2015,28,Autódromo José Carlos Pace,http://en.wikipedia.org/wiki/Aut%C3%B3dromo_Jos%C3%A9_Carlos_Pace
19,2013,2013,28,Autódromo José Carlos Pace,http://en.wikipedia.org/wiki/Aut%C3%B3dromo_Jos%C3%A9_Carlos_Pace
19,2017,2017,28,Autódromo José Carlos Pace,http://en.wikipedia.org/wiki/Aut%C3%B3dromo_Jos%C3%A9_Carlos_Pace
19,2021,2021,28,Autódromo José Carlos Pace,http://en.wikipedia.org/wiki/Aut%C3%B3dromo_Jos%C3%A9_Carlos_Pace
20,2016,2016,28,Autódromo José Carlos Pace,http://en.wikipedia.org/wiki/Aut%C3%B3dromo_Jos%C3%A9_Carlos_Pace
20,2018,2018,28,Autódromo José Carlos Pace,http://en.wikipedia.org/wiki/Aut%C3%B3dromo_Jos%C3%A9_Carlos_Pace
20,2019,2019,28,Autódromo José Carlos Pace,http://en.wikipedia.org/wiki/Aut%C3%B3dromo_Jos%C3%A9_Carlos_Pace
21,2022,2022,28,Autódromo José Carlos Pace,http://en.wikipedia.org/wiki/Aut%C3%B3dromo_Jos%C3%A9_Carlos_Pace
2,2021,2021,26,Autodromo Enzo e Dino Ferrari,http://en.wikipedia.org/wiki/Autodromo_Enzo_e_Dino_Ferrari
4,2022,2022,26,Autodromo Enzo e Dino Ferrari,http://en.wikipedia.org/wiki/Autodromo_Enzo_e_Dino_Ferrari
13,2020,2020,26,Autodromo Enzo e Dino Ferrari,http://en.wikipedia.org/wiki/Autodromo_Enzo_e_Dino_Ferrari
8,2020,2020,45,Autodromo Nazionale di Monza,http://en.wikipedia.org/wiki/Autodromo_Nazionale_Monza
12,2013,2013,45,Autodromo Nazionale di Monza,http://en.wikipedia.org/wiki/Autodromo_Nazionale_Monza
12,2015,2015,45,Autodromo Nazionale di Monza,http://en.wikipedia.org/wiki/Autodromo_Nazionale_Monza
13,2014,2014,45,Autodromo Nazionale di Monza,http://en.wikipedia.org/wiki/Autodromo_Nazionale_Monza
13,2017,2017,45,Autodromo Nazionale di Monza,http://en.wikipedia.org/wiki/Autodromo_Nazionale_Monza
14,2016,2016,45,Autodromo Nazionale di Monza,http://en.wikipedia.org/wiki/Autodromo_Nazionale_Monza
14,2018,2018,45,Autodromo Nazionale di Monza,http://en.wikipedia.org/wiki/Autodromo_Nazionale_Monza
14,2019,2019,45,Autodromo Nazionale di Monza,http://en.wikipedia.org/wiki/Autodromo_Nazionale_Monza
14,2021,2021,45,Autodromo Nazionale di Monza,http://en.wikipedia.org/wiki/Autodromo_Nazionale_Monza
16,2022,2022,45,Autodromo Nazionale di Monza,http://en.wikipedia.org/wiki/Autodromo_Nazionale_Monza
1,2021,2021,7,Bahrain International Circuit,http://en.wikipedia.org/wiki/Bahrain_International_Circuit
1,2022,2022,7,Bahrain International Circuit,http://en.wikipedia.org/wiki/Bahrain_International_Circuit
2,2016,2016,7,Bahrain International Circuit,http://en.wikipedia.org/wiki/Bahrain_International_Circuit
2,2018,2018,7,Bahrain International Circuit,http://en.wikipedia.org/wiki/Bahrain_International_Circuit
2,2019,2019,7,Bahrain International Circuit,http://en.wikipedia.org/wiki/Bahrain_International_Circuit
3,2014,2014,7,Bahrain International Circuit,http://en.wikipedia.org/wiki/Bahrain_International_Circuit
3,2017,2017,7,Bahrain International Circuit,http://en.wikipedia.org/wiki/Bahrain_International_Circuit
4,2013,2013,7,Bahrain International Circuit,http://en.wikipedia.org/wiki/Bahrain_International_Circuit
4,2015,2015,7,Bahrain International Circuit,http://en.wikipedia.org/wiki/Bahrain_International_Circuit
15,2020,2020,7,Bahrain International Circuit,http://en.wikipedia.org/wiki/Bahrain_International_Circuit
16,2020,2020,7,Bahrain International Circuit,http://en.wikipedia.org/wiki/Bahrain_International_Circuit
4,2018,2018,8,Baku City Circuit,http://en.wikipedia.org/wiki/Baku_City_Circuit
4,2019,2019,8,Baku City Circuit,http://en.wikipedia.org/wiki/Baku_City_Circuit
6,2021,2021,8,Baku City Circuit,http://en.wikipedia.org/wiki/Baku_City_Circuit
8,2016,2016,8,Baku City Circuit,http://en.wikipedia.org/wiki/Baku_City_Circuit
8,2017,2017,8,Baku City Circuit,http://en.wikipedia.org/wiki/Baku_City_Circuit
8,2022,2022,8,Baku City Circuit,http://en.wikipedia.org/wiki/Baku_City_Circuit
16,2013,2013,12,Buddh International Circuit,http://en.wikipedia.org/wiki/Buddh_International_Circuit
4,2021,2021,13,Circuit de Barcelona-Catalunya,http://en.wikipedia.org/wiki/Circuit_de_Barcelona-Catalunya
5,2013,2013,13,Circuit de Barcelona-Catalunya,http://en.wikipedia.org/wiki/Circuit_de_Barcelona-Catalunya
5,2014,2014,13,Circuit de Barcelona-Catalunya,http://en.wikipedia.org/wiki/Circuit_de_Barcelona-Catalunya
5,2015,2015,13,Circuit de Barcelona-Catalunya,http://en.wikipedia.org/wiki/Circuit_de_Barcelona-Catalunya
5,2016,2016,13,Circuit de Barcelona-Catalunya,http://en.wikipedia.org/wiki/Circuit_de_Barcelona-Catalunya
5,2017,2017,13,Circuit de Barcelona-Catalunya,http://en.wikipedia.org/wiki/Circuit_de_Barcelona-Catalunya
5,2018,2018,13,Circuit de Barcelona-Catalunya,http://en.wikipedia.org/wiki/Circuit_de_Barcelona-Catalunya
5,2019,2019,13,Circuit de Barcelona-Catalunya,http://en.wikipedia.org/wiki/Circuit_de_Barcelona-Catalunya
6,2020,2020,13,Circuit de Barcelona-Catalunya,http://en.wikipedia.org/wiki/Circuit_de_Barcelona-Catalunya
6,2022,2022,13,Circuit de Barcelona-Catalunya,http://en.wikipedia.org/wiki/Circuit_de_Barcelona-Catalunya
5,2021,2021,42,Circuit de Monaco,http://en.wikipedia.org/wiki/Circuit_de_Monaco
6,2013,2013,42,Circuit de Monaco,http://en.wikipedia.org/wiki/Circuit_de_Monaco
6,2014,2014,42,Circuit de Monaco,http://en.wikipedia.org/wiki/Circuit_de_Monaco
6,2015,2015,42,Circuit de Monaco,http://en.wikipedia.org/wiki/Circuit_de_Monaco
6,2016,2016,42,Circuit de Monaco,http://en.wikipedia.org/wiki/Circuit_de_Monaco
6,2017,2017,42,Circuit de Monaco,http://en.wikipedia.org/wiki/Circuit_de_Monaco
6,2018,2018,42,Circuit de Monaco,http://en.wikipedia.org/wiki/Circuit_de_Monaco
6,2019,2019,42,Circuit de Monaco,http://en.wikipedia.org/wiki/Circuit_de_Monaco
7,2022,2022,42,Circuit de Monaco,http://en.wikipedia.org/wiki/Circuit_de_Monaco
7,2020,2020,65,Circuit de Spa-Francorchamps,http://en.wikipedia.org/wiki/Circuit_de_Spa-Francorchamps
11,2013,2013,65,Circuit de Spa-Francorchamps,http://en.wikipedia.org/wiki/Circuit_de_Spa-Francorchamps
11,2015,2015,65,Circuit de Spa-Francorchamps,http://en.wikipedia.org/wiki/Circuit_de_Spa-Francorchamps
12,2014,2014,65,Circuit de Spa-Francorchamps,http://en.wikipedia.org/wiki/Circuit_de_Spa-Francorchamps
12,2017,2017,65,Circuit de Spa-Francorchamps,http://en.wikipedia.org/wiki/Circuit_de_Spa-Francorchamps
12,2021,2021,65,Circuit de Spa-Francorchamps,http://en.wikipedia.org/wiki/Circuit_de_Spa-Francorchamps
13,2016,2016,65,Circuit de Spa-Francorchamps,http://en.wikipedia.org/wiki/Circuit_de_Spa-Francorchamps
13,2018,2018,65,Circuit de Spa-Francorchamps,http://en.wikipedia.org/wiki/Circuit_de_Spa-Francorchamps
13,2019,2019,65,Circuit de Spa-Francorchamps,http://en.wikipedia.org/wiki/Circuit_de_Spa-Francorchamps
14,2022,2022,65,Circuit de Spa-Francorchamps,http://en.wikipedia.org/wiki/Circuit_de_Spa-Francorchamps
7,2013,2013,70,Circuit Gilles Villeneuve,http://en.wikipedia.org/wiki/Circuit_Gilles_Villeneuve
7,2014,2014,70,Circuit Gilles Villeneuve,http://en.wikipedia.org/wiki/Circuit_Gilles_Villeneuve
7,2015,2015,70,Circuit Gilles Villeneuve,http://en.wikipedia.org/wiki/Circuit_Gilles_Villeneuve
7,2016,2016,70,Circuit Gilles Villeneuve,http://en.wikipedia.org/wiki/Circuit_Gilles_Villeneuve
7,2017,2017,70,Circuit Gilles Villeneuve,http://en.wikipedia.org/wiki/Circuit_Gilles_Villeneuve
7,2018,2018,70,Circuit Gilles Villeneuve,http://en.wikipedia.org/wiki/Circuit_Gilles_Villeneuve
7,2019,2019,70,Circuit Gilles Villeneuve,http://en.wikipedia.org/wiki/Circuit_Gilles_Villeneuve
9,2022,2022,70,Circuit Gilles Villeneuve,http://en.wikipedia.org/wiki/Circuit_Gilles_Villeneuve
16,2015,2015,4,Circuit of the Americas,http://en.wikipedia.org/wiki/Circuit_of_the_Americas
17,2014,2014,4,Circuit of the Americas,http://en.wikipedia.org/wiki/Circuit_of_the_Americas
17,2017,2017,4,Circuit of the Americas,http://en.wikipedia.org/wiki/Circuit_of_the_Americas
17,2021,2021,4,Circuit of the Americas,http://en.wikipedia.org/wiki/Circuit_of_the_Americas
18,2013,2013,4,Circuit of the Americas,http://en.wikipedia.org/wiki/Circuit_of_the_Americas
18,2016,2016,4,Circuit of the Americas,http://en.wikipedia.org/wiki/Circuit_of_the_Americas
18,2018,2018,4,Circuit of the Americas,http://en.wikipedia.org/wiki/Circuit_of_the_Americas
19,2019,2019,4,Circuit of the Americas,http://en.wikipedia.org/wiki/Circuit_of_the_Americas
19,2022,2022,4,Circuit of the Americas,http://en.wikipedia.org/wiki/Circuit_of_the_Americas
13,2021,2021,74,Circuit Park Zandvoort,http://en.wikipedia.org/wiki/Circuit_Zandvoort
15,2022,2022,74,Circuit Park Zandvoort,http://en.wikipedia.org/wiki/Circuit_Zandvoort
10,2014,2014,24,Hockenheimring,http://en.wikipedia.org/wiki/Hockenheimring
11,2018,2018,24,Hockenheimring,http://en.wikipedia.org/wiki/Hockenheimring
11,2019,2019,24,Hockenheimring,http://en.wikipedia.org/wiki/Hockenheimring
12,2016,2016,24,Hockenheimring,http://en.wikipedia.org/wiki/Hockenheimring
3,2020,2020,25,Hungaroring,http://en.wikipedia.org/wiki/Hungaroring
10,2013,2013,25,Hungaroring,http://en.wikipedia.org/wiki/Hungaroring
10,2015,2015,25,Hungaroring,http://en.wikipedia.org/wiki/Hungaroring
11,2014,2014,25,Hungaroring,http://en.wikipedia.org/wiki/Hungaroring
11,2016,2016,25,Hungaroring,http://en.wikipedia.org/wiki/Hungaroring
11,2017,2017,25,Hungaroring,http://en.wikipedia.org/wiki/Hungaroring
11,2021,2021,25,Hungaroring,http://en.wikipedia.org/wiki/Hungaroring
12,2018,2018,25,Hungaroring,http://en.wikipedia.org/wiki/Hungaroring
12,2019,2019,25,Hungaroring,http://en.wikipedia.org/wiki/Hungaroring
13,2022,2022,25,Hungaroring,http://en.wikipedia.org/wiki/Hungaroring
14,2020,2020,29,Istanbul Park,http://en.wikipedia.org/wiki/Istanbul_Park
16,2021,2021,29,Istanbul Park,http://en.wikipedia.org/wiki/Istanbul_Park
2,2022,2022,32,Jeddah Corniche Circuit,http://en.wikipedia.org/wiki/Jeddah_Street_Circuit
21,2021,2021,32,Jeddah Corniche Circuit,http://en.wikipedia.org/wiki/Jeddah_Street_Circuit
14,2013,2013,73,Korean International Circuit,http://en.wikipedia.org/wiki/Korean_International_Circuit
20,2021,2021,38,Losail International Circuit,http://en.wikipedia.org/wiki/Losail_International_Circuit
13,2013,2013,40,Marina Bay Street Circuit,http://en.wikipedia.org/wiki/Marina_Bay_Street_Circuit
13,2015,2015,40,Marina Bay Street Circuit,http://en.wikipedia.org/wiki/Marina_Bay_Street_Circuit
14,2014,2014,40,Marina Bay Street Circuit,http://en.wikipedia.org/wiki/Marina_Bay_Street_Circuit
14,2017,2017,40,Marina Bay Street Circuit,http://en.wikipedia.org/wiki/Marina_Bay_Street_Circuit
15,2016,2016,40,Marina Bay Street Circuit,http://en.wikipedia.org/wiki/Marina_Bay_Street_Circuit
15,2018,2018,40,Marina Bay Street Circuit,http://en.wikipedia.org/wiki/Marina_Bay_Street_Circuit
15,2019,2019,40,Marina Bay Street Circuit,http://en.wikipedia.org/wiki/Marina_Bay_Street_Circuit
17,2022,2022,40,Marina Bay Street Circuit,http://en.wikipedia.org/wiki/Marina_Bay_Street_Circuit
1,2013,2013,3,Albert Park Grand Prix Circuit,http://en.wikipedia.org/wiki/Melbourne_Grand_Prix_Circuit
1,2014,2014,3,Albert Park Grand Prix Circuit,http://en.wikipedia.org/wiki/Melbourne_Grand_Prix_Circuit
1,2015,2015,3,Albert Park Grand Prix Circuit,http://en.wikipedia.org/wiki/Melbourne_Grand_Prix_Circuit
1,2016,2016,3,Albert Park Grand Prix Circuit,http://en.wikipedia.org/wiki/Melbourne_Grand_Prix_Circuit
1,2017,2017,3,Albert Park Grand Prix Circuit,http://en.wikipedia.org/wiki/Melbourne_Grand_Prix_Circuit
1,2018,2018,3,Albert Park Grand Prix Circuit,http://en.wikipedia.org/wiki/Melbourne_Grand_Prix_Circuit
1,2019,2019,3,Albert Park Grand Prix Circuit,http://en.wikipedia.org/wiki/Melbourne_Grand_Prix_Circuit
3,2022,2022,3,Albert Park Grand Prix Circuit,http://en.wikipedia.org/wiki/Melbourne_Grand_Prix_Circuit
5,2022,2022,41,Miami International Autodrome,http://en.wikipedia.org/wiki/Miami_International_Autodrome
9,2020,2020,47,Autodromo Internazionale del Mugello,http://en.wikipedia.org/wiki/Mugello_Circuit
9,2013,2013,49,Nürburgring,http://en.wikipedia.org/wiki/N%C3%BCrburgring
11,2020,2020,49,Nürburgring,http://en.wikipedia.org/wiki/N%C3%BCrburgring
7,2021,2021,57,Circuit Paul Ricard,http://en.wikipedia.org/wiki/Paul_Ricard_Circuit
8,2018,2018,57,Circuit Paul Ricard,http://en.wikipedia.org/wiki/Paul_Ricard_Circuit
8,2019,2019,57,Circuit Paul Ricard,http://en.wikipedia.org/wiki/Paul_Ricard_Circuit
12,2022,2022,57,Circuit Paul Ricard,http://en.wikipedia.org/wiki/Paul_Ricard_Circuit
1,2020,2020,55,Red Bull Ring,http://en.wikipedia.org/wiki/Red_Bull_Ring
2,2020,2020,55,Red Bull Ring,http://en.wikipedia.org/wiki/Red_Bull_Ring
8,2014,2014,55,Red Bull Ring,http://en.wikipedia.org/wiki/Red_Bull_Ring
8,2015,2015,55,Red Bull Ring,http://en.wikipedia.org/wiki/Red_Bull_Ring
8,2021,2021,55,Red Bull Ring,http://en.wikipedia.org/wiki/Red_Bull_Ring
9,2016,2016,55,Red Bull Ring,http://en.wikipedia.org/wiki/Red_Bull_Ring
9,2017,2017,55,Red Bull Ring,http://en.wikipedia.org/wiki/Red_Bull_Ring
9,2018,2018,55,Red Bull Ring,http://en.wikipedia.org/wiki/Red_Bull_Ring
9,2019,2019,55,Red Bull Ring,http://en.wikipedia.org/wiki/Red_Bull_Ring
9,2021,2021,55,Red Bull Ring,http://en.wikipedia.org/wiki/Red_Bull_Ring
11,2022,2022,55,Red Bull Ring,http://en.wikipedia.org/wiki/Red_Bull_Ring
2,2013,2013,61,Sepang International Circuit,http://en.wikipedia.org/wiki/Sepang_International_Circuit
2,2014,2014,61,Sepang International Circuit,http://en.wikipedia.org/wiki/Sepang_International_Circuit
2,2015,2015,61,Sepang International Circuit,http://en.wikipedia.org/wiki/Sepang_International_Circuit
15,2017,2017,61,Sepang International Circuit,http://en.wikipedia.org/wiki/Sepang_International_Circuit
16,2016,2016,61,Sepang International Circuit,http://en.wikipedia.org/wiki/Sepang_International_Circuit
2,2017,2017,62,Shanghai International Circuit,http://en.wikipedia.org/wiki/Shanghai_International_Circuit
3,2013,2013,62,Shanghai International Circuit,http://en.wikipedia.org/wiki/Shanghai_International_Circuit
3,2015,2015,62,Shanghai International Circuit,http://en.wikipedia.org/wiki/Shanghai_International_Circuit
3,2016,2016,62,Shanghai International Circuit,http://en.wikipedia.org/wiki/Shanghai_International_Circuit
3,2018,2018,62,Shanghai International Circuit,http://en.wikipedia.org/wiki/Shanghai_International_Circuit
3,2019,2019,62,Shanghai International Circuit,http://en.wikipedia.org/wiki/Shanghai_International_Circuit
4,2014,2014,62,Shanghai International Circuit,http://en.wikipedia.org/wiki/Shanghai_International_Circuit
4,2020,2020,63,Silverstone Circuit,http://en.wikipedia.org/wiki/Silverstone_Circuit
5,2020,2020,63,Silverstone Circuit,http://en.wikipedia.org/wiki/Silverstone_Circuit
8,2013,2013,63,Silverstone Circuit,http://en.wikipedia.org/wiki/Silverstone_Circuit
9,2014,2014,63,Silverstone Circuit,http://en.wikipedia.org/wiki/Silverstone_Circuit
9,2015,2015,63,Silverstone Circuit,http://en.wikipedia.org/wiki/Silverstone_Circuit
10,2016,2016,63,Silverstone Circuit,http://en.wikipedia.org/wiki/Silverstone_Circuit
10,2017,2017,63,Silverstone Circuit,http://en.wikipedia.org/wiki/Silverstone_Circuit
10,2018,2018,63,Silverstone Circuit,http://en.wikipedia.org/wiki/Silverstone_Circuit
10,2019,2019,63,Silverstone Circuit,http://en.wikipedia.org/wiki/Silverstone_Circuit
10,2021,2021,63,Silverstone Circuit,http://en.wikipedia.org/wiki/Silverstone_Circuit
10,2022,2022,63,Silverstone Circuit,http://en.wikipedia.org/wiki/Silverstone_Circuit
4,2016,2016,64,Sochi Autodrom,http://en.wikipedia.org/wiki/Sochi_Autodrom
4,2017,2017,64,Sochi Autodrom,http://en.wikipedia.org/wiki/Sochi_Autodrom
10,2020,2020,64,Sochi Autodrom,http://en.wikipedia.org/wiki/Sochi_Autodrom
15,2015,2015,64,Sochi Autodrom,http://en.wikipedia.org/wiki/Sochi_Autodrom
15,2021,2021,64,Sochi Autodrom,http://en.wikipedia.org/wiki/Sochi_Autodrom
16,2014,2014,64,Sochi Autodrom,http://en.wikipedia.org/wiki/Sochi_Autodrom
16,2018,2018,64,Sochi Autodrom,http://en.wikipedia.org/wiki/Sochi_Autodrom
16,2019,2019,64,Sochi Autodrom,http://en.wikipedia.org/wiki/Sochi_Autodrom
14,2015,2015,66,Suzuka Circuit,http://en.wikipedia.org/wiki/Suzuka_Circuit
15,2013,2013,66,Suzuka Circuit,http://en.wikipedia.org/wiki/Suzuka_Circuit
15,2014,2014,66,Suzuka Circuit,http://en.wikipedia.org/wiki/Suzuka_Circuit
16,2017,2017,66,Suzuka Circuit,http://en.wikipedia.org/wiki/Suzuka_Circuit
17,2016,2016,66,Suzuka Circuit,http://en.wikipedia.org/wiki/Suzuka_Circuit
17,2018,2018,66,Suzuka Circuit,http://en.wikipedia.org/wiki/Suzuka_Circuit
17,2019,2019,66,Suzuka Circuit,http://en.wikipedia.org/wiki/Suzuka_Circuit
18,2022,2022,66,Suzuka Circuit,http://en.wikipedia.org/wiki/Suzuka_Circuit
17,2013,2013,72,Yas Marina Circuit,http://en.wikipedia.org/wiki/Yas_Marina_Circuit
17,2020,2020,72,Yas Marina Circuit,http://en.wikipedia.org/wiki/Yas_Marina_Circuit
19,2014,2014,72,Yas Marina Circuit,http://en.wikipedia.org/wiki/Yas_Marina_Circuit
19,2015,2015,72,Yas Marina Circuit,http://en.wikipedia.org/wiki/Yas_Marina_Circuit
20,2017,2017,72,Yas Marina Circuit,http://en.wikipedia.org/wiki/Yas_Marina_Circuit
21,2016,2016,72,Yas Marina Circuit,http://en.wikipedia.org/wiki/Yas_Marina_Circuit
21,2018,2018,72,Yas Marina Circuit,http://en.wikipedia.org/wiki/Yas_Marina_Circuit
21,2019,2019,72,Yas Marina Circuit,http://en.wikipedia.org/wiki/Yas_Marina_Circuit
22,2021,2021,72,Yas Marina Circuit,http://en.wikipedia.org/wiki/Yas_Marina_Circuit
22,2022,2022,72,Yas Marina Circuit,http://en.wikipedia.org/wiki/Yas_Marina_Circuit
