ID,Name,Description,Type,State,Capacity name,Capacity SKU Tier,Upgrade status
AC3F8135-E6C0-41E6-BEDA-9E68F16F4AED,Intune Compliance Data Warehouse App,,Workspace,Orphaned,,,
5C421243-5B85-4101-B1A1-5FC0F51138FA,DIAD,Dashboard in a day demo content,Workspace,Active,,,
1B303DFD-40BA-4B19-8263-0AA0D894F8AE,ICAEW,,Workspace,Active,,,
E3D11491-5ABC-45ED-A48B-949806B7F97B,Sales and Marketing sample,,Workspace,Orphaned,,,
CDBA3E7D-26B2-4E69-A6FA-7E24D858557A,Microsoft Sustainability Calculator,,Workspace,Orphaned,,,
395F9FDF-BC30-4B54-957D-9D0586817EA0,UKF,Test Workspace for SSI Demo,Workspace,Active,,,
16E03F69-80D4-495C-B9D5-3B186F4271CB,LiveStreamingDemo,,Workspace,Active,,,
6DC639EB-82A0-4088-B47F-0FBD311B6DF7,JF Streaming Demo,,Workspace,Active,,,
58418CC8-C713-44FD-9C94-E953A8AE8542,SureSite,Demo Site for SureSite,Workspace,Active,,,
5D93146F-E72B-4A15-BD27-5A4A51A4B1C3,Intune Compliance (Data Warehouse),,Workspace,Active,,,
63D0C86E-1899-4455-960E-8001A79500BA,Analyze Popular Stocks with Power BI,,Workspace,Active,,,
68CF8487-830C-4F83-9F17-418E8E550BD2,Template Apps Exploration Tool 14/05/2022 10:35:40,,Workspace,Active,,,
16CCD2A6-8827-4190-843D-89268B789057,RF-A-SKU-SandBox,"sand box for messing around in, testing ideas etc",Workspace,Active,,,
1DD1ADEF-32F5-4C46-B2BE-F90D6CBC8ED1,MarketingSocialMediaPOC,,Workspace,Active,Premium Per User - Reserved,PP3,
90B6B1FB-9BD2-4C1B-9257-DEA6FEDBE65C,A Quorum Journey,This is the journey of Quorum,Workspace,Active,,,
FD8FDE44-AC62-497F-8D28-DC9F0204A084,Teams CQD Dashboard,,Workspace,Active,,,
C19AF605-9B8B-4CC0-9855-FD6D35FF0C48,A Quorum Journey Sandbox,Place to mess around with concepts and ideas,Workspace,Deleted,,,
014EDC33-6F03-4847-B984-4276E3D16A1D,DP RF Sandbox,,Workspace,Active,,,
AD6A7332-7AB3-4030-8E9F-10552D028625,Emissions Impact Dashboard,,Workspace,Active,,,
93C7F701-A26D-4BC5-833C-9B27F8D051B5,"Emissions Impact Dashboard 08/12/2021, 10:15:49",,Workspace,Orphaned,,,
6E4A178C-4ABE-4A0F-85E2-9ECA5DB6B4CC,A Quorum Journey [DF],This will hold all the dataflows for the A Quorum Journey project.,Workspace,Active,,,
10A4D01E-7C32-46EA-A84A-8A402E11A563,A Quorum Journey [DS],This workspace will contain all the datasets for A Quorum Journey projects.,Workspace,Active,,,
52468484-280D-45AB-915B-E82D2155C65D,Quiz_Results [DS],,Workspace,Active,,,
23A97660-143B-4D58-9FB6-93160FDFEC9B,Quiz_Results,,Workspace,Active,,,
B5460F08-C641-43CF-BD85-C57AC1D9FA67,Enable_RLS_POC,This workspace will only host report that are used to demonstrate RLS for Enable,Workspace,Active,,,
443DB158-D832-4D92-A32C-AA6A59009C08,Enable_RLS_POC [DS],,Workspace,Active,,,
49935363-C4D8-413F-A654-3694C2419E35,Enable_RLS_POC [DF],,Workspace,Active,Premium Per User - Reserved,PP3,
19E3A4E3-7925-461E-B940-05389EE60313,Quordle,,Workspace,Active,,,
FC445B60-20AB-4312-A8D5-BE14BF8C267A,Recruitment Stats,,Workspace,Active,,,
120451CD-7EE5-44B0-9743-CF2BB01DED72,"Sales and Marketing sample 30/03/2022, 13:52:58",,Workspace,Active,,,
2D277FB9-5EB3-4AD7-BD43-D7A4390A9FA0,RLS_Demo,,Workspace,Active,,,
48257103-8A58-48FA-994D-72133C6F10F4,RLS_Demo [DS],,Workspace,Active,,,
0CEA4A16-5CF3-463D-8E55-B248701CC51A,UK Finance SSI Project,,Workspace,Active,,,
FDE24ADC-FED3-4491-B690-EF9638C2D6C2,Quiz_Results [DF],Data flows for the quiz,Workspace,Active,Premium Per User - Reserved,PP3,
56769102-10C2-45FA-A272-3C77C57285A4,QNRL,,Workspace,Active,,,
33C3AA44-D680-4902-9367-BB586B7931BD,Pin Point,,Workspace,Active,,,
B072C58F-B42B-45C7-A853-814885CEEE2F,Quorum Phone System,,Workspace,Orphaned,,,
090AEF80-77EC-4E08-8A30-95D085597B48,Support in QT,,Workspace,Orphaned,,,
6205A981-98BD-47E6-A8DB-AB5A2847EAD5,Personal,,Workspace,Active,,,
C7C401FC-18AD-4E67-8801-D1E013BC790D,Xedo Software,,Workspace,Active,,,
1DA3AE18-D58A-429D-B28F-62895F570087,Q Dev Room,,Workspace,Orphaned,,,
64C3F2DA-3C39-405D-999C-36B8AC8EAB1D,RBS_SLX,,Workspace,Orphaned,,,
9B26867B-A83F-4ED6-87D4-186644B6AD77,Iris Software,,Workspace,Active,,,
7E0334A0-B57E-4F8F-90BC-5D78F630E41F,All Quorum,,Workspace,Active,,,
382124B0-07AA-4AE1-BD4C-F0125E518904,Developers Chat,,Workspace,Active,,,
D1ACE4A4-132E-450A-B683-12A211F9DC91,Quorum Legal,,Workspace,Orphaned,,,
6ED795D7-6BDD-4CAB-8B52-36D28E39630C,HBJ Claim Solutions,,Workspace,Active,,,
2485630C-AA2A-42D1-8D7B-B84FF3253AA5,NewTA Projects,,Workspace,Orphaned,,,
49D0135F-2AA7-4088-B10E-1C1AB274D1F1,Demo,,Workspace,Active,,,
76F3CAE2-29A0-47A5-BE91-FEFF70FE70CB,Quorum Cyber,,Workspace,Orphaned,,,
CCB88059-1E89-4877-B29F-85C5B0A4F0A5,Test,,Workspace,Orphaned,,,
3AEB5196-005A-421D-AC4E-7D38A61547A7,Dev Beer,,Workspace,Active,,,
BCDDF6FF-A839-4C80-8225-659956D8B30F,UK Finance,,Workspace,Active,,,
3DD33090-E234-4213-A0D3-800F6EF07D2D,weather,,Workspace,Active,,,
26E0AB67-BFA4-414C-B22B-00BD97CB6B39,NewTA,,Workspace,Orphaned,,,
41547108-3E8F-473E-BB19-851587B87BC3,DevelopmentTeam,,Workspace,Active,,,
3353F18D-474A-4D07-BD3D-4339ABE9B9B1,SQL Server Dudes,,Workspace,Active,,,
C8F294D4-0728-4D12-9D5B-8A3AB1DB8058,Brodies Consulting,,Workspace,Active,,,
7806728E-8488-463B-8273-72AF943CC410,IT Directors,,Workspace,Active,,,
342E66C2-13F4-483C-BB6D-A4234DE2C427,CSP Analytics,,Workspace,Active,,,
3E7A0167-5EFB-4895-8E8A-CB09FEBBD98E,UK Finance Team,,Workspace,Active,,,
DDE4D0E5-5CC4-47E2-9C01-BC6FC4B878A0,Service Offerings,,Workspace,Orphaned,,,
6B2D24C2-74A6-430D-A084-320C1DBC150B,Enterprise,,Workspace,Orphaned,,,
C95CAD40-7264-40D1-9D02-9BE1C432FC5E,Managed Service Management,,Workspace,Active,,,
5FD66643-A9E6-4D6D-A6B9-2330BB7C7C4E,SBS,,Workspace,Active,,,
94676023-72C7-4F99-A175-73491CF1CF86,QT Managed Service,,Workspace,Orphaned,,,
5E5B8B8C-9B46-4948-A2C4-2DA338BA14EB,Client Monthly Reports,,Workspace,Active,,,
E3EE6956-52A8-42F6-8CCF-02E05CFBDD37,Azure Bootcamp,,Workspace,Active,,,
5816F411-2CAF-4BE3-A13F-F674B4FCEB01,PMO,,Workspace,Orphaned,,,
6FBFB443-B3B1-49D0-A2F2-ED41595BC75D,Managed_Services,,Workspace,Orphaned,,,
7510F563-7632-43D8-ACCA-17BA204042EA,Cairn Managed Service,,Workspace,Active,,,
C1FFB173-3F23-4764-B137-6A112CE64030,TradeIX,,Workspace,Orphaned,,,
95235B26-C1ED-4FC2-B9D4-6785253C2176,Beer Thursday/Fridays,,Workspace,Active,,,
D0066D59-80C7-4D18-A7AC-2C238DB46B89,test plan,,Workspace,Active,,,
B490E998-C08B-4D2F-A00D-A2ACCD67E0BA,SalesTeam,,Workspace,Active,,,
C750ABA2-2BB8-40B4-98A8-DB119393C6A9,ACCA - Digital Foundations Project,,Workspace,Active,,,
E1D2C8C9-4AC2-45CE-A016-F06DC75D37C6,Containers,,Workspace,Active,,,
AE887224-7D65-47D9-B926-9B810E07F742,Services,,Workspace,Active,,,
FE221E80-CC57-4D3B-B3C0-7260A37F7495,Cloud Consultants,,Workspace,Orphaned,,,
463DFEB5-0DCE-4215-B9E9-EA4DDCBE8277,Cairn Project - Edinburgh Power Down 2017,,Workspace,Active,,,
2CBC23D8-159D-4501-BCC3-7BCDA7D5B8AA,Cairn Project - Mobile Migration,,Workspace,Active,,,
D36436DD-E57F-4A1F-81B7-8C331AA879B0,Cairn Project - Virtual Environment Upgrade 2017,,Workspace,Active,,,
DBAF7F82-725E-4E31-B9DC-AC0ED5170F8F,zRossMTest1,,Workspace,Active,,,
B856725C-351F-456E-A34B-558BA41F1C3A,SME,,Workspace,Active,,,
9FBED548-3849-4677-BF0A-E4E3EA3FD380,Service Desk Plan,,Workspace,Active,,,
2FDE25D8-2B17-448F-B14A-1183C4B3DF83,Employee Ownership,,Workspace,Active,,,
5346D811-0480-42D1-A21C-B5652C61978F,Team James,,Workspace,Active,,,
1ED49FB4-8272-4C47-BE0D-641ACCAA19C9,SLX-GBM-P2,,Workspace,Active,,,
FC841512-FE22-422D-9847-46F6A595FB96,TestSite,,Workspace,Active,,,
56444A78-C53E-4203-B470-3416D50F5083,Data Science,,Workspace,Active,,,
3C210131-7756-469F-9425-0285A91536BB,Quorum Gogarburn,,Workspace,Active,,,
3EFCB30B-D673-458C-9997-879723D9A3FF,London Scottish House,,Workspace,Active,,,
EF0A7EFD-2262-486E-B47E-BD1D9EF3D535,cq-ms,,Workspace,Orphaned,,,
01DBBDDF-0B2C-42E9-96FE-2EF42A5977CB,Do Not Reply My Quorum,,Workspace,Active,,,
0EE7437F-30E7-404E-8571-A01CB8FB6A46,Balfour + Manson Managed Service,,Workspace,Active,,,
AB0A5646-B685-49B7-AEFE-DE24E1A94CA1,FS-Logix,,Workspace,Orphaned,,,
1F52D8CA-EB40-44A3-BA27-723444E10005,Managed Services,,Workspace,Orphaned,,,
FCDF8E71-08C1-4154-9A57-5EE91D52703A,CR's,,Workspace,Orphaned,,,
1F8F7334-BBE1-498E-9A86-150D29ED573C,General Projects,,Workspace,Orphaned,,,
7C5346BF-3BB6-4D6C-9742-5B10C54F0485,Open Action assigned former,,Workspace,Active,,,
6F3D6FB7-85EA-45FA-AEDF-FD6CB77B85A8,TB Test,,Workspace,Active,,,
862BC3FE-9F46-4B1C-8866-3D387880B8B3,UK Finance Managed Service,,Workspace,Active,,,
49E9AF64-AD87-43C8-A09C-9B2100B17DD4,LindsaysPlanner,,Workspace,Orphaned,,,
F0D23209-607B-42AB-869C-7C65E6F15504,Andrew Urquhart,,Workspace,Orphaned,,,
AA971178-A365-4572-A8C1-3596C0DBADCE,Ops Confidential – WIP,,Workspace,Orphaned,,,
2871F17B-ABE2-4B08-968E-726105BFD83D,Projects,,Workspace,Orphaned,,,
791F0BCE-4B50-4A3A-834F-4C1E462D7DB4,IncrementalRefresh [DS],Demonstrate incremental refresh,Workspace,Active,Premium Per User - Reserved,PP3,
81B43855-10F5-4FD3-B1D4-8447487D12E7,Incremental Refresh,,Workspace,Active,Premium Per User - Reserved,PP3,
466A9164-96B6-4097-856B-9E6585629D61,Legal Teams Demo,,Workspace,Orphaned,,,
B171A485-14E5-4795-B867-23C2DB2F4F85,Open Banking,,Workspace,Orphaned,,,
B14D83F7-4AC4-4199-9C19-B67627AEA41C,MBM Commercial iManage,,Workspace,Orphaned,,,
A69DA60A-30A5-4A9D-A249-E5CD747EF96B,PMO (1),,Workspace,Orphaned,,,
C9BF34FB-0B89-4AEC-A4AE-8580EDE0666D,Study Group,,Workspace,Orphaned,,,
27D42DB6-90A5-4F3A-857C-50B668FED3AD,Sales and Marketing Alignment,,Workspace,Active,,,
CB58CA4E-DB83-4463-B60E-F33B1EF701F5,Microsoft Partnership Membership,,Workspace,Active,,,
F0BFA867-DEA3-4B26-B1EA-E645D3EF135E,Cairn Energy,,Workspace,Active,,,
B94F0C6D-ECFD-44C5-9077-AADD679D9ED3,VDI Wider Business,,Workspace,Orphaned,,,
A83CC132-2FDC-4DEB-A8F1-F6096097F6E1,SQL Strategy & Design,,Workspace,Orphaned,,,
24C4784F-D849-477C-9F4D-78261F3B7F1A,myQuorum,,Workspace,Active,,,
548D6E1A-3A75-4EEA-9F25-85ADEB1E1963,Data Lake - Ingenico & Quorum Collaboration,,Workspace,Active,,,
06F61A6E-C105-4606-A2EC-960B07DAE269,Marketing,,Workspace,Active,,,
0479A4FA-5BC4-4FA9-B32E-E09F0E7997DD,Cairn SQL Implementation,,Workspace,Active,,,
C1193AF9-5C3C-41EA-9594-4C375B91ED3E,Summit Medical (Previously OrthoD),,Workspace,Orphaned,,,
866A01F4-B322-44F3-B3E3-EADD9BF62ADB,FirstState SQL Migration,,Workspace,Active,,,
406BF968-FD49-4369-A88B-349B4E6CEE56,Practice Management Systems Interest Group,,Workspace,Active,,,
A72DF492-9B41-4E64-AB4C-B7E883D4D439,Lanyon Bowdler,,Workspace,Active,,,
57489B25-722D-4CF0-9473-25E24DB50F95,O365 and Cloud References,,Workspace,Active,,,
98C33E43-B63F-4740-A768-C1C317542B70,Scottish Legal IT,,Workspace,Orphaned,,,
E89616E0-67C1-4356-91FF-F173C4A0501A,AP,,Workspace,Orphaned,,,
27A98190-0761-4D20-A883-2A92266ECBA3,Lanyon Bowdler (1),,Workspace,Orphaned,,,
4ADAD2E8-5FC5-44C7-ACCE-BAD640DF5FF9,Events and Conferences,,Workspace,Active,,,
5DD26566-18B9-44C5-993A-85FB24F81A66,Managed Services (1),,Workspace,Active,,,
6695F6FD-A341-43F8-8ACF-5C10B7A757B8,Piper Group (including Sense & Enable),,Workspace,Orphaned,,,
F26921E6-4C69-4786-B5CB-3225C8C75E91,Lindsay's,,Workspace,Orphaned,,,
AF968DA4-68F2-44F4-8236-8ED2A069A1FD,Internal Managed Service,,Workspace,Orphaned,,,
A766A2E5-4794-4314-BBFB-87FE09D7FCF1,Call Agents 0131 652 3954,,Workspace,Active,,,
8BE93D07-51C5-47D0-B115-E69631297E1E,Call Agents 0131 550 0481,,Workspace,Active,,,
05AC2E9F-0F4D-44A9-AFA6-9C28F76E9EA7,Call Agents 0131 460 3380,,Workspace,Active,,,
56D094B0-7105-4D7A-90A1-018AAE23CE36,Disk speed analysis,,Workspace,Orphaned,,,
1D7DAB63-0086-4285-A697-2B2AA866C290,Quorum Services,,Workspace,Active,,,
12BFBF0B-DAF5-48DE-9907-F9CE2058B4E9,Quorum Board,,Workspace,Active,,,
93FAB499-AC5E-4ECB-BD73-5A76A8E6B026,Debt Managers BI Collaboration (external),,Workspace,Active,,,
A6993FD1-891A-4AB5-A94C-2EC73AF9BB26,Brodies - Exchange Incident,,Workspace,Active,,,
EBBCD812-253A-46E4-B71D-2D7063EB2BFF,JFTestSite,,Workspace,Active,,,
A6EC51A7-523A-4742-9614-E4C1869E2262,ASfP,,Workspace,Orphaned,,,
4764CD63-F394-44A0-BFD3-57F53C1B3B1A,Lindsays VC Discussion,,Workspace,Active,,,
E056E02F-3A2C-4743-B36A-3810049F9C8C,Sales & Opportunity Management,,Workspace,Active,,,
405888EA-2B51-4CF0-A93A-C67E7C2ECD55,Gillespie Macandrew LLP,,Workspace,Active,,,
19AF7E57-50E2-4FF6-A76E-9948929B2477,MBM Projects,,Workspace,Active,,,
360FBFD9-119F-4042-8FBF-A247DA3E80FB,Management Meeting Group,,Workspace,Active,,,
528ECBA9-4A2C-4A9C-BDA8-ACAB66084630,QT MS - WFH,,Workspace,Active,,,
8B52F4E0-5ECC-4321-9B3B-0C6467B73F48,Teams Delivery,,Workspace,Active,,,
38D5C4E6-5569-4792-A4F3-500B3AD736A1,UKF - SSI,,Workspace,Orphaned,,,
35A296DE-531C-4AEB-9AFB-6AAE7E0BF5DD,Lothian Broadband Office 365,,Workspace,Orphaned,,,
165DC637-CBF7-498F-BDA8-E79D5AF13B05,Lothian Broadband,,Workspace,Active,,,
5F47244F-5E32-41DA-8C7F-CB29E3DDAFE7,** DO NOT USE **Piper EXTERNAL,,Workspace,Active,,,
03BECF94-2B87-409B-837B-20365D4FAC3E,Company Operations Files,,Workspace,Active,,,
E99EED5C-0F0B-476C-9853-95DF4BDF3022,Piper Group [EXTERNAL],,Workspace,Active,,,
7619B713-2040-4311-91A0-EA4E19AAD41B,Managed Services (2),,Workspace,Active,,,
E096E65F-68DE-45EC-8047-D911714CD0AF,Managed Services - Live Projects,,Workspace,Active,,,
0EDDFD10-FDB1-4F4A-B208-0122AE9BBE11,Quorum Internal BI Development,,Workspace,Active,,,
F815489B-DE6F-4714-BA33-9581ACE62424,Business Stream - Data Warehousing,,Workspace,Active,,,
8079A4F2-03DD-4113-BDB5-77AAF3401318,Airts - Braid in Azure,,Workspace,Orphaned,,,
D52BFAD5-6152-4727-8E49-00A9B625AD16,Call Agents 0131 460 1889,,Workspace,Active,,,
C2320A62-D08B-4132-82D2-4CD7A1F70484,Video via VDI,,Workspace,Active,,,
36AFF60C-720B-4B79-8EC6-2B7FA3272F7C,Civtech,,Workspace,Active,,,
2D574E02-8009-4CCB-B932-9FC0C2E461C1,R&D,,Workspace,Orphaned,,,
CAD54F26-CEA8-4F2A-8764-AD91AB5BD29C,First State Investments (Stewart Investors),,Workspace,Orphaned,,,
ECD328E4-90D4-450D-B637-7A75572D0704,Quarriers,,Workspace,Active,,,
579D787E-6956-4CE9-90FA-7B72D22DD718,Charles UKF Migration Site,,Workspace,Active,,,
2F9E5B58-8841-4ABB-9B60-F15708E5CCFF,SQA W10 Delivery Internal Only,,Workspace,Active,,,
9C50B72D-AD05-4EEF-9BCE-9E4E178E4552,Microsoft CSP [DF] [DS],,Workspace,Active,,,
082D2892-A5A6-4209-B7CF-9986C4294792,Microsoft CSP,,Workspace,Active,,,
5D268544-8EF9-42E2-8CFC-A9838F6FE048,Datamart Sandbox,Look at datamarts,Workspace,Active,Premium Per User - Reserved,PP3,
ABF563D8-70FC-42D3-A390-0A1E72BDFB3D,Github,,Workspace,Active,,,
A69D879C-1F2C-404E-814C-0CDD8A223AC0,WHM - Sharepoint,,Workspace,Active,,,
67E7617E-15F8-4FAD-9700-70E93B7B4A8E,Managed Service Reporting,,Workspace,Active,,,
DAA62CB3-D30F-4DC2-854E-9831CA431CF2,"Github 21/08/2022, 17:10:12",,Workspace,Active,,,
255949C8-D91A-41A5-A7C9-97B4F67244E2,IMDB,,Workspace,Active,,,
62FCE57E-1D6B-4FE4-B43F-B8A4097EA766,"Github 12/09/2022, 10:06:33",,Workspace,Active,,,
6E5AE2E0-B7DA-41C8-A769-B118C9A8C537,Datasaurus,"Power BI report showing datasaurus, a concept that highlights the importance of graphically representing data for exploration.",Workspace,Active,,,
EE59E347-0656-4B3C-9966-350B1EBDD87D,Datasaurus [UAT],,Workspace,Active,Premium Per User - Reserved,PP3,
FF9EFD05-79F1-4754-9B1F-69AC4F03E699,Datasaurus [Dev],,Workspace,Active,Premium Per User - Reserved,PP3,
63EBD91C-A8F3-41DF-8E51-BC65D8DC4D2B,NFL Analytics by P3,,Workspace,Active,,,
D813FEEB-56DA-4C6D-BB02-51FF14E90CD2,IncrementalRefresh [DF],,Workspace,Active,Premium Per User - Reserved,PP3,
81E9FB2B-98FE-46B8-858E-997CE608B951,DP500 Labs,,Workspace,Active,,,
ADB29F08-BA63-477E-8B48-EAA752B231AE,The Challenge,,Workspace,Active,,,
955B6492-974A-43D6-AA19-486711598241,The Challenge [DF],,Workspace,Active,,,
28A1D142-69A8-4D45-A08F-F2DCE9CB2F1B,The Challenge [DS],,Workspace,Active,,,
5B858DB2-3115-4ABC-9DA3-C796D97F66BB,F1 race data from 1950 to 2023 [DF],https://www.kaggle.com/datasets/rohanrao/formula-1-world-championship-1950-2020,Workspace,Active,Premium Per User - Reserved,PP3,
F7C1677D-8EA7-4527-81CC-E8EF18744C0C,Enable Power BI Analytics [DF],,Workspace,Active,,,
141061FF-0D03-42EE-8216-16C1911A1EEE,Synergist [DF],,Workspace,Active,Premium Per User - Reserved,PP3,
6472DF98-C5D7-43E3-8EF8-DBB045CEF76F,Synergist [SM],,Workspace,Active,Premium Per User - Reserved,PP3,
5C409DBE-06DF-4F31-98C7-2D2432AB2CFD,Synergist,This contains synergist reports.,Workspace,Active,Premium Per User - Reserved,PP3,
DA76B8ED-F6A8-479B-BBB5-1386AD8CA8FB,Power BI COP,,Workspace,Active,,,
49E052D4-3206-4559-B080-F060A7D9E234,Tenant Monitoring,,Workspace,Active,Premium Per User - Reserved,PP3,
3258A531-DB17-49FB-85A7-780D8CC30A36,MI Gateway Test,,Workspace,Active,Premium Per User - Reserved,PP3,
FBF2017B-9FF4-43D9-B71B-C4623C5750E3,RLS_Demo [DF],,Workspace,Active,,,
BA3E7B07-1525-462B-AB9D-FEECFC296501,WestBerksPOC [DF],This is a workspace created to demo a POC for West Berks Planning Dept,Workspace,Active,,,
916CA450-632B-4195-82EA-2425D121099C,WestBerksPOC [DS],This workspace will contain datasets for the West Berks POC,Workspace,Active,,,
0133B6F5-A2E2-4FF7-A155-45BB232FCE17,WestBerksPOC,This workspace will only contain Power BI thin reports for the West Berks POC,Workspace,Active,,,
6EC05F09-1EB3-489C-8448-0B42A5A4CD60,synapse-training,,Workspace,Active,,,
18FE0F87-C2FC-41B9-B60C-8E6D15804B15,SharePoint Delivery Team,,Workspace,Active,,,
10BCFFCE-9A19-459E-85F0-D062DE571680,Admin monitoring,Admin monitoring,AdminWorkspace,Active,,,
9F28D19A-EBED-4FE7-90C4-29046843DE96,FabricTestingGroun,,Workspace,Active,Trial-James-Frost-qnrl-com-05-26-2023-09-11-UTC,FT1,
6A748255-D6E0-4578-8FEB-BE177487D358,FabricSteve,,Workspace,Active,Trial-James-Frost-qnrl-com-05-26-2023-09-11-UTC,FT1,
D3FAC5FC-54C6-4FEA-9881-65D732FF3D68,UKF-POC,This is a POC for UK to see if could map some lending data on to a map and provide drill down to post code districts.,Workspace,Active,,,
858064D6-7D47-4816-BCB2-EEE48C68222E,Access_Test_TL,,Workspace,Active,,,
0B81CB84-646B-47E0-A5D2-C065F58A9B0A,Mark_Test_WS,,Workspace,Active,,,
74339AAA-BD6B-4F90-AF87-BB4B1F79141B,Fabhiric,Abhi Jayanty's Fabric workspace for experimenting with Fabric resources,Workspace,Active,Trial-Robert-French-qnrl-com-05-26-2023-09-12-UTC,FT1,
BD51B2F2-566A-4D41-ACEA-F91A57C756CA,Managed Service Reporting [DF][DS],,Workspace,Active,,,
1DD31E3B-439E-4820-8387-8E093AF689EC,M-ACE-Demo,,Workspace,Active,,,
6E840AA9-FF74-4030-96D0-FC9DE27849CE,Synergist [DS] - PowerApp,this will host the workspace that is used for the Power App that the Enterprise team area working on,Workspace,Active,,,
A1E5B0EA-1C9F-436B-8967-DF47F5F1E0D7,M-ACE_test,,Workspace,Active,,,
ED2DAF77-A881-4E60-9B84-2C8D3AB792DF,Query Performance COP,,Workspace,Active,Premium Per User - Reserved,PP3,
1CCE3606-090A-47AE-8E80-289EFB860477,Shared Dimensions,This will contain shared dimensions.,Workspace,Active,,,
D52F041A-086A-4D04-928D-D469E7E9C19F,F1 race data from 1950 to 2023,,Workspace,Active,Premium Per User - Reserved,PP3,
6532A82D-6FBE-4ABD-968D-92D1C125DBB3,Synergist Self Service,Workspace for creating reports based on synergist datasets,Workspace,Active,Premium Per User - Reserved,PP3,
F80CD273-DB3E-4950-8003-2CFAE0479F20,Synergist - Dev [DF] ,,Workspace,Active,Premium Per User - Reserved,PP3,
68DB113B-8252-4C1F-8BB4-30A9C1FF9DBD,Syngergist - UAT [DF],,Workspace,Active,Premium Per User - Reserved,PP3,
9B05D203-49FE-4556-8937-511E4D2B162B,F1 race data from 1950 to 2023 [DS],,Workspace,Active,Premium Per User - Reserved,PP3,
BAB4B107-0356-48B7-897F-31D9F52224F6,Synergist - Dev [SM],"Contains semantic models for the development
",Workspace,Active,Premium Per User - Reserved,PP3,
4FF3D807-A3E8-4645-A16E-D61E47DA8B0D,Synergist - Dev,,Workspace,Active,Premium Per User - Reserved,PP3,
9F6C9214-5851-4C97-8DF8-80707B51053B,Synergist - UAT [DS],,Workspace,Active,Premium Per User - Reserved,PP3,
A51CA40D-9EF0-4962-862B-20EE4A610062,InTune Dev (DF),,Workspace,Active,Premium Per User - Reserved,PP3,
685044B1-899E-41EB-846B-4E2CA564BC12,Synergist - UAT,,Workspace,Active,Premium Per User - Reserved,PP3,
797D73E3-E937-45B8-813C-8177E439094F,Microsoft CSP - DEV [DF] [DS],The Development workspace for dataflows and datasets needed for the Microsoft CSP reports,Workspace,Active,,,
16C0AE5F-096B-4CDA-B617-8A3122A201A2,FabricJP,,Workspace,Active,Trial-James-Frost-qnrl-com-05-26-2023-09-11-UTC,FT1,
27E0C82A-7A95-43B1-B976-1598DC3A264E,DP-600,,Workspace,Active,,,
EBD85812-BC4E-45F6-91B3-6ED72DBE3636,FabricQuorumDemo,Demo Fabric Workspace,Workspace,Active,Trial-James-Frost-qnrl-com-05-26-2023-09-11-UTC,FT1,
61CFA71F-8AE5-4570-B767-6DC927079223,DefenderReporting - Dev [SM],This will contain the dataset used for the internal  defender reporting,Workspace,Active,Premium Per User - Reserved,PP3,
4EEE18CC-845D-4C0D-930A-0F58607C2DE8,workspace-fabric-sandbox,,Workspace,Active,fabricfabricsandbox,F4,
63503F14-90CA-4763-AA37-876BD2DF3F51,PBI Source Control,,Workspace,Active,Premium Per User - Reserved,PP3,
D5A8DD7F-5FE6-4930-8304-E9FB1CE18885,FabricTGPTest,,Workspace,Active,Trial-James-Frost-qnrl-com-05-26-2023-09-11-UTC,FT1,
F2E3ED67-8FDC-4BCD-861D-859C56D513E4,FabricJamie,,Workspace,Active,Trial-James-Frost-qnrl-com-05-26-2023-09-11-UTC,FT1,
18BEF59B-08AF-4B12-9778-C14E8C597FDF,DefenderReporting - Dev ,,Workspace,Active,Premium Per User - Reserved,PP3,
630170A6-6E80-4189-AF48-A4753C9F1B22,AH Test Financials,,Workspace,Active,,,
9BA85F5D-6D3C-4E72-8B18-859CB4D2F177,Quorum Center of Excellence Kit,,Workspace,Active,Premium Per User - Reserved,PP3,
D13926FD-D469-4C7D-92FD-C99C155E9F47,F1 race data from 1950 to 2023_ProWorkspace,,Workspace,Active,,,
B2F5A683-3D90-44B5-BF61-00AFAAEE1079,2024-January-PowerBI-COP-TEMP-Workspace,,Workspace,Active,,,
AE98A8CB-CD30-4E5A-ACF6-090705E7AEBB,PMO Cost Tracker [DS] - Dev,,Workspace,Active,,,
8529493E-72C4-4E96-86C9-B94962684203,Optos CSP [DS],,Workspace,Active,,,
393911DF-19BE-402C-8027-94A2251897C9,Optos CSP,,Workspace,Active,,,
C9550563-DC1E-44E4-94F3-DA68B6231ECF,BusinessStream CSP [DS],,Workspace,Active,,,
DF7F40EC-C2E4-4ABC-9499-E5BFC6C7F15F,BusinessStream CSP,,Workspace,Active,,,
B29EB4DC-4D52-47EE-A2F3-0B487922E070,Lothian Broadband API-PBI POC,,Workspace,Active,Premium Per User - Reserved,PP3,
9475A52B-3BA6-4F12-B6C8-B1053E4D2BBF,Microsoft Fabric Capacity Metrics 20/02/2025 15:41:59,,Workspace,Active,,,
DA208A37-4896-4A6A-9A27-FBEEF1DC95BE,Defender [Fab] DEV,,Workspace,Active,fabopsprdwe001,F4,
E43E6981-B00D-43FB-B26F-5A73E95D1EA1,ALMIS CSP [DS],,Workspace,Active,,,
5FAD70C2-B49D-4F3B-B2F5-2ADAB140A7E5,ALMIS CSP,,Workspace,Active,,,
179BD064-9DCB-4148-92B9-4DE7792BABA1,Enable - Client Power BI Reports,,Workspace,Active,,,
49957831-6887-42F9-ADC2-14FA055A4F03,Power BI - Demo - May 2024 - SM,,Workspace,Active,,,
968C35A3-A554-4777-842A-CCB1511A8F95,Power BI - Demo - May 2024,,Workspace,Active,,,
579C579E-E4FF-4768-8B2E-94ED5310212B,Emissions Impact Dashboard for Azure - CSP,,Workspace,Active,,,
E50C5F49-C1CE-4356-BAB4-0300C8E633B9,Emissions Impact Dashboard for Azure - Quorum Internal,,Workspace,Active,,,
1F5AAECE-089B-4729-A1E6-C7BEF15FC32B,Emissions Impact Dashboard for Microsoft 365,,Workspace,Active,,,
82E90C35-3C53-4F7A-BD95-7CCC35143977,Quorum - Client Power BI Reports,,Workspace,Active,,,
61D8C898-37BF-4140-8C8D-AF68753DBF6F,MBM - Client Power BI Reports,,Workspace,Active,,,
12D47846-BB46-4A76-8E2B-5277415BAF4B,Power BI Release Plan,,Workspace,Active,,,
1E64E951-56CE-42CF-866D-0AA56F1984FD,"Power BI Release Plan 24/06/2024, 14:44:20",,Workspace,Active,,,
D1F95382-341F-445A-A2C5-65CD064453A3,Fabric Harper Macleod,,Workspace,Active,fabricfabricsandbox,F4,
E8401B49-5E4D-455D-BC60-E687C45AF5DE,RP Reconciliation App [DS],"Resource Planning Reconciliation Report for App [DataSet/SemanticModel]
-Development Team-",Workspace,Active,,,
8DA0981A-52F5-4A08-9E3A-00ED0F12C706,RP Reconciliation App,"Resource Planning Reconciliation Report for App
-Development Team-",Workspace,Active,,,
74C166B0-B56A-4127-94BA-EF11B4232571,FabricDemoRetail,,Workspace,Active,Trial-James-Frost-qnrl-com-05-26-2023-09-11-UTC,FT1,
5F225AC3-20CB-4DB1-A1D7-10DCF9D0F00F,Litig Test Workspace,,Workspace,Active,Trial-James-Frost-qnrl-com-05-26-2023-09-11-UTC,FT1,
83028CE7-DF1C-4DC9-A672-A4D5C43ADF1E,Fabric Machine Learning Demo,,Workspace,Active,fabricfabricsandbox,F4,
44E2C7AB-5582-4C22-9AD4-A4E479FD31D2,Moneyball Demo,,Workspace,Active,fabricfabricsandbox,F4,
05E971B8-8C89-4229-BE01-0620F937BC1D,Fabric internal demo 2,,Workspace,Active,Trial-James-Frost-qnrl-com-05-26-2023-09-11-UTC,FT1,
D652947C-B5F8-4974-9516-5C17DB0DB205,Fabric ML Trial,,Workspace,Active,Trial-James-Frost-qnrl-com-05-26-2023-09-11-UTC,FT1,
F2745A7B-6FD7-4BED-B9AA-7D1A03BEC767,Capacity Scaling,,Workspace,Active,fabricfabricsandbox,F4,
DE58F3CC-E091-4F1D-ACFA-BDA1FFE57655,RTI COP,,Workspace,Active,fabricfabricsandbox,F4,
63E05E9F-1183-4D5D-9E64-321C6F5A5332,Log Analytics,,Workspace,Active,,,
FBB45441-AC82-428A-BCCE-4E2484EC5E51,DefenderReporting - Prod [SM],,Workspace,Active,Premium Per User - Reserved,PP3,
0177D087-1CCB-4824-8CF0-58E11F41AD37,FabricHarneysTest2,,Workspace,Active,Trial-James-Frost-qnrl-com-05-26-2023-09-11-UTC,FT1,
D48C2D39-F18F-4F76-BA0F-7ABBA7A77D5E,Nimbus Reporting,Luware Nimbus Reporting - Managed Service Team,Workspace,Active,,,
8D86832E-8589-40FA-9D01-54891809D1ED,Test-Fabic-RF,,Workspace,Active,fabopsprdwe001,F4,
BCA2B640-30A1-465C-B39C-D9F213532B9C,Fabric BS 2,,Workspace,Active,Premium Per User - Reserved,PP3,
0D42F8FA-3BD2-4D56-8689-4BD258258252,RTI Tutorial,Abhi's pre-con tutorial content,Workspace,Active,fabricfabricsandbox,F4,
B738D37F-E16F-49BB-A6FD-A79F427C8E77,olivia test,,Workspace,Active,,,
FCCFBD0E-7A41-473E-A79E-5B19BE874DF6,DefenderReporting,,Workspace,Active,Premium Per User - Reserved,PP3,
435B25F3-B2E5-4F3C-8EC0-D25450B6982C,DefenderReporting - [SM],,Workspace,Active,Premium Per User - Reserved,PP3,
D1231808-4845-4A96-97F3-6763BF29EAA5,RTI_TEst,,Workspace,Active,,,
168A9C62-74D5-480E-833C-03A9B31FCBC9,Board Reporting,,Workspace,Active,,,
94AD8826-E526-4742-9955-23CB02BBF64E,Defender [DE],Production Workspace for Defender,Workspace,Active,fabopsprdwe001,F4,
613FC152-6AC8-4BD2-9D04-C1DDE34E2E1A,Joe's test Workspace,This is a workspace for fucking around with Joe,Workspace,Active,fabopsprdwe001,F4,
AC914EB6-1797-4350-9939-08BDEB4E0EE3,Defender - Git - Testing,this is a workspace that can be used to deploy changes made in GIt before merging back in the main branch,Workspace,Active,Premium Per User - Reserved,PP3,
9D30E868-5D62-4D7E-B2DD-3C249EBC2106,testmcnestry,,Workspace,Active,,,
6A897CC5-1B0B-45D0-B850-66ACB8758A6B,Southern Housing,,Workspace,Active,Trial-James-Frost-qnrl-com-05-26-2023-09-11-UTC,FT1,
482229CF-45F7-4104-80BD-8409182A6ACA,Training and Certifications,,Workspace,Active,fabopsprdwe001,F4,
208621F4-D37B-4F61-B9EF-27BD77ECC435, Training and Certifications - Dev Ops,,Workspace,Active,fabopsprdwe001,F4,
7FC0580A-61F0-4CB4-B09E-200C69881921,Fabric Demo Optos,,Workspace,Active,fabricfabricsandbox,F4,
BB0432A7-E7CE-4848-AFFC-B65A4F768E87,Brodies - Client Power BI Reports,,Workspace,Active,,,
9974180B-5DE2-4A37-8D98-280DD7AC08A8,Optos Fabric Test,,Workspace,Active,Premium Per User - Reserved,PP3,
274081B0-EF67-41ED-BABD-9436EEB28B58,A Quourm Journey - Dev Ops Demo,,Workspace,Active,Premium Per User - Reserved,PP3,
1925CAC6-7BC1-4F4E-ADD1-0B0379054290,Fabric Quorum Finops,,Workspace,Active,fabricfabricsandbox,F4,
A5884F29-980E-48A6-B207-4DCA50CDFBC3,QuorumAzureCosts,,Workspace,Active,,,
F52283B4-D719-42F3-A49E-714F3B45242C,Quorum Billing [DE] [Dev],,Workspace,Active,fabopsprdwe001,F4,
5A4CB35C-5D8F-4804-99AB-1B17263495A0,Quorum Billing [SM] [Dev],,Workspace,Active,fabopsprdwe001,F4,
ED790488-2F79-40E0-9AE2-2CF1DA6B9D58,Quorum Billing,,Workspace,Active,fabopsprdwe001,F4,
595F2625-F185-4305-81A8-0A266C789820,Quorum Client Analytics,,Workspace,Active,fabopsprdwe001,F4,
